Time (UTC),05/31/23,06/01/23,06/02/23,06/03/23,06/04/23,06/05/23,06/06/23,06/07/23,06/08/23,06/09/23,06/10/23,06/11/23,06/12/23,06/13/23,06/14/23,06/15/23,06/16/23,06/17/23,06/18/23,06/19/23,06/20/23,06/21/23,06/22/23,06/23/23,06/24/23,06/25/23,06/26/23,06/27/23,06/28/23,06/29/23,06/30/23,07/01/23,07/02/23,07/03/23,07/04/23,07/05/23,07/06/23,07/07/23,07/08/23,07/09/23,07/10/23,07/11/23,07/12/23,07/13/23,07/14/23,07/15/23,07/16/23,07/17/23,07/18/23,07/19/23,07/20/23,07/21/23,07/22/23,07/23/23,07/24/23,07/25/23,07/26/23,07/27/23,07/28/23,07/29/23,07/30/23,07/31/23,08/01/23,08/02/23,08/03/23,08/04/23,08/05/23,08/06/23,08/07/23,08/08/23,08/09/23,08/10/23,08/11/23,08/12/23,08/13/23,08/14/23,08/15/23,08/16/23,08/17/23,08/18/23,08/19/23,08/20/23,08/21/23,08/22/23,08/23/23,08/24/23,08/25/23,08/26/23,08/27/23,08/28/23,08/29/23,08/30/23
00:00,,0.0,0.0,0.0,0.0,0.0,0.0,0.0,0.0,0.0,0.0,0.0,0.0,0.0,0.0,0.0,0.0,0.0,0.0,0.0,0.0,0.0,0.0,0.0,0.0,0.0,0.0,0.0,0.0,0.0,0.0,0.0,0.0,0.0,0.0,0.0,0.0,0.0,0.0,0.0,0.0,0.0,0.0,0.0,0.0,0.0,0.0,0.0,0.0,0.0,0.0,0.0,0.0,0.0,0.0,0.0,0.0,0.0,0.0,0.0,0.0,0.0,0.0,0.0,0.0,0.0,0.0,0.0,0.0,0.0,0.0,0.0,0.0,0.0,0.0,0.0,0.0,0.0,0.0,0.0,0.0,0.0,0.0,0.0,0.0,0.0,0.0,0.0,0.0,0.0,0.0,0.0
00:30,,0.0,0.0,0.0,0.0,0.0,0.0,0.0,0.0,0.0,0.0,0.0,0.0,0.0,0.0,0.0,0.0,0.0,0.0,0.0,0.0,0.0,0.0,0.0,0.0,0.0,0.0,0.0,0.0,0.0,0.0,0.0,0.0,0.0,0.0,0.0,0.0,0.0,0.0,0.0,0.0,0.0,0.0,0.0,0.0,0.0,0.0,0.0,0.0,0.0,0.0,0.0,0.0,0.0,0.0,0.0,0.0,0.0,0.0,0.0,0.0,0.0,0.0,0.0,0.0,0.0,0.0,0.0,0.0,0.0,0.0,0.0,0.0,0.0,0.0,0.0,0.0,0.0,0.0,0.0,0.0,0.0,0.0,0.0,0.0,0.0,0.0,0.0,0.0,0.0,0.0,0.0
01:00,,0.0,0.0,0.0,0.0,0.0,0.0,0.0,0.0,0.0,0.0,0.0,0.0,0.0,0.0,0.0,0.0,0.0,0.0,0.0,0.0,0.0,0.0,0.0,0.0,0.0,0.0,0.0,0.0,0.0,0.0,0.0,0.0,0.0,0.0,0.0,0.0,0.0,0.0,0.0,0.0,0.0,0.0,0.0,0.0,0.0,0.0,0.0,0.0,0.0,0.0,0.0,0.0,0.0,0.0,0.0,0.0,0.0,0.0,0.0,0.0,0.0,0.0,0.0,0.0,0.0,0.0,0.0,0.0,0.0,0.0,0.0,0.0,0.0,0.0,0.0,0.0,0.0,0.0,0.0,0.0,0.0,0.0,0.0,0.0,0.0,0.0,0.0,0.0,0.0,0.0,0.0
01:30,,0.0,0.0,0.0,0.0,0.0,0.0,0.0,0.0,0.0,0.0,0.0,0.0,0.0,0.0,0.0,0.0,0.0,0.0,0.0,0.0,0.0,0.0,0.0,0.0,0.0,0.0,0.0,0.0,0.0,0.0,0.0,0.0,0.0,0.0,0.0,0.0,0.0,0.0,0.0,0.0,0.0,0.0,0.0,0.0,0.0,0.0,0.0,0.0,0.0,0.0,0.0,0.0,0.0,0.0,0.0,0.0,0.0,0.0,0.0,0.0,0.0,0.0,0.0,0.0,0.0,0.0,0.0,0.0,0.0,0.0,0.0,0.0,0.0,0.0,0.0,0.0,0.0,0.0,0.0,0.0,0.0,0.0,0.0,0.0,0.0,0.0,0.0,0.0,0.0,0.0,0.0
02:00,,0.0,0.0,0.0,0.0,0.0,0.0,0.0,0.0,0.0,0.0,0.0,0.0,0.0,0.0,0.0,0.0,0.0,0.0,0.0,0.0,0.0,0.0,0.0,0.0,0.0,0.0,0.0,0.0,0.0,0.0,0.0,0.0,0.0,0.0,0.0,0.0,0.0,0.0,0.0,0.0,0.0,0.0,0.0,0.0,0.0,0.0,0.0,0.0,0.0,0.0,0.0,0.0,0.0,0.0,0.0,0.0,0.0,0.0,0.0,0.0,0.0,0.0,0.0,0.0,0.0,0.0,0.0,0.0,0.0,0.0,0.0,0.0,0.0,0.0,0.0,0.0,0.0,0.0,0.0,0.0,0.0,0.0,0.0,0.0,0.0,0.0,0.0,0.0,0.0,0.0,0.0
02:30,,0.0,0.0,0.0,0.0,0.0,0.0,0.0,0.0,0.0,0.0,0.0,0.0,0.0,0.0,0.0,0.0,0.0,0.0,0.0,0.0,0.0,0.0,0.0,0.0,0.0,0.0,0.0,0.0,0.0,0.0,0.0,0.0,0.0,0.0,0.0,0.0,0.0,0.0,0.0,0.0,0.0,0.0,0.0,0.0,0.0,0.0,0.0,0.0,0.0,0.0,0.0,0.0,0.0,0.0,0.0,0.0,0.0,0.0,0.0,0.0,0.0,0.0,0.0,0.0,0.0,0.0,0.0,0.0,0.0,0.0,0.0,0.0,0.0,0.0,0.0,0.0,0.0,0.0,0.0,0.0,0.0,0.0,0.0,0.0,0.0,0.0,0.0,0.0,0.0,0.0,0.0
03:00,1.0,1.0,1.0,1.0,1.0,1.0,1.0,1.0,1.0,1.0,1.0,1.0,1.0,1.0,1.0,1.0,1.0,1.0,1.0,1.0,1.0,1.0,1.0,1.0,1.0,1.0,1.0,1.0,1.0,1.0,1.0,1.0,1.0,1.0,1.0,1.0,1.0,1.0,1.0,1.0,1.0,1.0,1.0,1.0,1.0,1.0,1.0,1.0,1.0,1.0,1.0,1.0,2.0,1.0,5.0,4.0,1.0,1.0,1.0,1.0,1.0,1.0,1.0,1.0,1.0,1.0,1.0,1.0,1.0,1.0,1.0,1.0,1.0,1.0,1.0,1.0,0.0,0.0,0.0,0.0,0.0,0.0,0.0,0.0,0.0,75.0,168.0,451.0,137.0,695.0,808.0,64.0
03:30,1.0,1.0,1.0,1.0,1.0,1.0,1.0,2.0,1.0,1.0,1.0,2.0,1.0,1.0,1.0,1.0,1.0,1.0,1.0,1.0,1.0,1.0,1.0,1.0,1.0,1.0,1.0,1.0,1.0,1.0,1.0,1.0,1.0,1.0,1.0,1.0,1.0,1.0,1.0,1.0,1.0,1.0,1.0,1.0,1.0,1.0,1.0,1.0,1.0,1.0,1.0,1.0,1.0,1.0,1.0,1.0,4.0,1.0,1.0,1.0,1.0,1.0,1.0,1.0,1.0,1.0,1.0,7.0,1.0,1.0,1.0,1.0,1.0,1.0,1.0,0.0,0.0,0.0,0.0,0.0,0.0,0.0,0.0,0.0,0.0,331.0,678.0,604.0,580.0,316.0,842.0,105.0
04:00,1.0,1.0,1.0,1.0,1.0,1.0,1.0,1.0,267.0,1.0,3.0,1.0,2.0,1.0,1.0,1.0,1.0,1.0,4.0,1.0,1.0,1.0,1.0,1.0,1.0,1.0,1.0,1.0,1.0,1.0,1.0,1.0,1.0,1.0,1.0,1.0,1.0,152.0,1.0,1.0,1.0,1.0,1.0,1.0,1.0,1.0,3.0,1.0,3.0,1.0,31.0,1.0,3.0,38.0,8.0,89.0,4.0,546.0,28.0,4.0,3.0,27.0,167.0,7.0,120.0,29.0,24.0,29.0,23.0,422.0,269.0,197.0,97.0,41.0,317.0,0.0,0.0,0.0,0.0,0.0,0.0,0.0,0.0,0.0,0.0,10.0,268.0,66.0,116.0,39.0,265.0,96.0
04:30,5030.0,1251.0,1468.0,819.0,782.0,319.0,887.0,155.0,204.0,750.0,521.0,542.0,108.0,100.0,1181.0,1667.0,699.0,1019.0,726.0,256.0,164.0,2931.0,717.0,72.0,591.0,92.0,47.0,36.0,81.0,598.0,61.0,1235.0,103.0,149.0,150.0,97.0,99.0,559.0,235.0,1241.0,653.0,600.0,276.0,516.0,325.0,286.0,362.0,1339.0,312.0,771.0,361.0,109.0,391.0,315.0,510.0,982.0,362.0,174.0,268.0,251.0,460.0,160.0,97.0,31.0,185.0,29.0,4.0,43.0,148.0,9.0,1.0,66.0,17.0,61.0,9.0,0.0,0.0,0.0,0.0,0.0,0.0,0.0,0.0,0.0,0.0,51.0,68.0,17.0,24.0,1.0,172.0,62.0
05:00,3968.0,687.0,181.0,154.0,247.0,178.0,95.0,461.0,173.0,830.0,905.0,71.0,1400.0,80.0,3526.0,6122.0,467.0,249.0,573.0,1943.0,7094.0,4798.0,2108.0,276.0,510.0,1206.0,637.0,3615.0,1957.0,489.0,602.0,504.0,1076.0,526.0,89.0,159.0,128.0,861.0,1190.0,335.0,138.0,3602.0,144.0,216.0,33.0,307.0,99.0,58.0,482.0,15.0,95.0,96.0,13.0,7.0,8.0,284.0,68.0,81.0,16.0,112.0,67.0,25.0,65.0,22.0,25.0,13.0,5.0,2.0,2.0,1.0,23.0,36.0,75.0,61.0,42.0,0.0,0.0,0.0,0.0,0.0,0.0,0.0,0.0,0.0,0.0,50.0,114.0,1.0,7.0,76.0,1.0,267.0
05:30,2179.0,143.0,66.0,113.0,354.0,8.0,42.0,2.0,17.0,113.0,256.0,14.0,2.0,14.0,10608.0,3188.0,19.0,1603.0,103.0,738.0,2681.0,3409.0,29.0,1.0,900.0,1.0,12.0,1260.0,1.0,45.0,1.0,1.0,217.0,2.0,1.0,1.0,1.0,125.0,404.0,15.0,1.0,1477.0,1.0,1.0,4.0,1.0,77.0,1.0,106.0,19.0,23.0,58.0,16.0,51.0,22.0,1019.0,7.0,6.0,2.0,2.0,3.0,15.0,40.0,60.0,1.0,1.0,1.0,1.0,2.0,1.0,10.0,86.0,63.0,83.0,6.0,0.0,0.0,0.0,0.0,0.0,0.0,0.0,0.0,0.0,0.0,53.0,144.0,29.0,35.0,87.0,102.0,45.0
06:00,1763.0,179.0,574.0,95.0,374.0,141.0,66.0,2.0,19.0,5196.0,81.0,166.0,8.0,3.0,11930.0,1995.0,25.0,60.0,155.0,1100.0,5699.0,2124.0,16.0,26.0,762.0,2.0,50.0,26.0,8.0,42.0,1.0,1522.0,400.0,59.0,1.0,1.0,1.0,1053.0,98.0,2.0,1.0,3813.0,1.0,7.0,68.0,12.0,19.0,35.0,86.0,190.0,7.0,76.0,75.0,94.0,1.0,147.0,4.0,29.0,10.0,26.0,73.0,35.0,46.0,3.0,1.0,72.0,1.0,1.0,19.0,8.0,12.0,355.0,9.0,31.0,83.0,0.0,0.0,0.0,0.0,0.0,0.0,0.0,0.0,0.0,0.0,1.0,111.0,32.0,41.0,265.0,1.0,50.0
06:30,2747.0,487.0,1168.0,91.0,281.0,178.0,54.0,1.0,27.0,3281.0,45.0,683.0,1.0,19.0,11801.0,2085.0,26.0,2644.0,484.0,1649.0,6863.0,1151.0,119.0,34.0,4918.0,117.0,268.0,95.0,1061.0,43.0,9.0,2231.0,78.0,45.0,1.0,37.0,1.0,1707.0,1688.0,21.0,6.0,3910.0,1.0,6.0,1.0,60.0,1.0,1.0,1.0,104.0,21.0,6.0,7.0,9.0,20.0,1007.0,26.0,5.0,20.0,40.0,24.0,126.0,36.0,62.0,65.0,1.0,10.0,2.0,2.0,10.0,1.0,689.0,31.0,17.0,287.0,0.0,0.0,0.0,0.0,0.0,0.0,0.0,0.0,0.0,0.0,20.0,54.0,30.0,18.0,224.0,63.0,1.0
07:00,2597.0,918.0,483.0,22.0,366.0,220.0,34.0,2.0,159.0,3399.0,256.0,109.0,11.0,21.0,9217.0,299.0,30.0,217.0,370.0,1020.0,7926.0,5361.0,1179.0,367.0,4120.0,195.0,120.0,56.0,2457.0,32.0,102.0,2069.0,377.0,17.0,20.0,1.0,35.0,4152.0,2233.0,1.0,245.0,1574.0,5.0,36.0,1.0,1.0,1.0,495.0,48.0,12.0,18.0,25.0,175.0,58.0,80.0,790.0,3.0,3.0,26.0,1.0,6.0,16.0,118.0,95.0,78.0,1.0,1.0,35.0,1.0,9.0,136.0,1760.0,50.0,24.0,571.0,0.0,0.0,0.0,0.0,0.0,0.0,0.0,0.0,0.0,0.0,1.0,1.0,9.0,2.0,768.0,172.0,50.0
07:30,2791.0,561.0,162.0,75.0,352.0,271.0,13.0,51.0,177.0,3688.0,163.0,160.0,17.0,37.0,7886.0,603.0,97.0,4935.0,778.0,790.0,7856.0,2640.0,841.0,14.0,8456.0,329.0,1.0,44.0,2502.0,1200.0,44.0,2566.0,1018.0,9.0,9.0,1.0,17.0,1876.0,3026.0,1.0,89.0,350.0,1.0,1.0,37.0,30.0,1.0,848.0,185.0,1.0,30.0,539.0,70.0,72.0,29.0,533.0,41.0,5.0,2.0,46.0,1.0,56.0,198.0,41.0,1.0,2.0,14.0,32.0,77.0,1.0,44.0,1606.0,50.0,131.0,25.0,0.0,0.0,0.0,0.0,0.0,0.0,0.0,0.0,0.0,0.0,179.0,76.0,1.0,26.0,708.0,76.0,19.0
08:00,2204.0,444.0,68.0,32.0,431.0,360.0,51.0,40.0,831.0,2835.0,20.0,126.0,14.0,12.0,8662.0,260.0,73.0,6556.0,223.0,588.0,6594.0,1303.0,511.0,27.0,7370.0,290.0,79.0,1376.0,0.0,165.0,78.0,4062.0,1269.0,718.0,269.0,24.0,24.0,946.0,2759.0,82.0,2455.0,202.0,20.0,32.0,48.0,17.0,1.0,838.0,64.0,34.0,1.0,145.0,54.0,2.0,60.0,260.0,202.0,26.0,1.0,56.0,175.0,74.0,112.0,26.0,4.0,46.0,1.0,266.0,37.0,19.0,39.0,503.0,35.0,63.0,44.0,0.0,0.0,0.0,0.0,0.0,0.0,0.0,0.0,0.0,0.0,65.0,108.0,71.0,30.0,272.0,398.0,5.0
08:30,1492.0,598.0,199.0,4.0,429.0,164.0,10.0,24.0,6840.0,4935.0,1.0,91.0,20.0,1.0,6441.0,3674.0,94.0,2932.0,150.0,886.0,4844.0,1903.0,146.0,175.0,9654.0,641.0,2.0,1937.0,0.0,228.0,260.0,4586.0,448.0,68.0,46.0,1.0,26.0,4933.0,3277.0,37.0,2600.0,670.0,82.0,125.0,220.0,14.0,3.0,892.0,458.0,98.0,1.0,243.0,101.0,95.0,1.0,599.0,522.0,32.0,1.0,14.0,62.0,84.0,141.0,20.0,16.0,1.0,1.0,2.0,53.0,30.0,1.0,522.0,2.0,33.0,0.0,0.0,0.0,0.0,0.0,0.0,0.0,0.0,0.0,0.0,0.0,292.0,133.0,6.0,27.0,839.0,128.0,1.0
09:00,1218.0,423.0,193.0,1.0,1055.0,153.0,52.0,21.0,5747.0,4883.0,1.0,18.0,55.0,6.0,7231.0,2761.0,57.0,1842.0,149.0,5.0,3280.0,1061.0,323.0,323.0,9799.0,626.0,101.0,1123.0,0.0,16.0,55.0,3394.0,2002.0,69.0,82.0,70.0,12.0,1872.0,2133.0,5.0,2992.0,1505.0,67.0,184.0,173.0,83.0,1.0,1658.0,1064.0,333.0,90.0,203.0,20.0,76.0,408.0,236.0,87.0,16.0,1.0,10.0,4.0,36.0,50.0,65.0,87.0,1.0,2.0,114.0,82.0,125.0,23.0,1073.0,8.0,21.0,0.0,0.0,0.0,0.0,0.0,0.0,0.0,0.0,0.0,0.0,0.0,109.0,33.0,1.0,1.0,791.0,46.0,1.0
09:30,1251.0,525.0,136.0,113.0,3320.0,162.0,154.0,2.0,2515.0,5160.0,1.0,158.0,63.0,45.0,6146.0,1686.0,12.0,3457.0,332.0,1.0,2466.0,307.0,524.0,200.0,8730.0,353.0,69.0,2465.0,0.0,34.0,59.0,4011.0,1009.0,34.0,371.0,101.0,67.0,3078.0,3835.0,167.0,3313.0,4407.0,163.0,308.0,295.0,159.0,35.0,2112.0,2456.0,40.0,24.0,266.0,100.0,190.0,1257.0,364.0,2416.0,53.0,1.0,48.0,22.0,1.0,43.0,1.0,7.0,13.0,1.0,9.0,259.0,52.0,1.0,1127.0,17.0,21.0,0.0,0.0,0.0,0.0,0.0,0.0,0.0,0.0,0.0,0.0,0.0,112.0,26.0,22.0,8.0,832.0,63.0,49.0
10:00,866.0,593.0,195.0,369.0,1531.0,328.0,17.0,2.0,3425.0,4237.0,2.0,461.0,31.0,19.0,3874.0,1580.0,186.0,977.0,349.0,53.0,1771.0,403.0,381.0,189.0,5661.0,184.0,84.0,5518.0,0.0,87.0,55.0,6416.0,1128.0,259.0,159.0,205.0,38.0,2416.0,4792.0,285.0,5006.0,2001.0,240.0,136.0,210.0,104.0,24.0,1774.0,544.0,5.0,79.0,1029.0,51.0,120.0,1320.0,3118.0,2563.0,65.0,23.0,54.0,8.0,1.0,2.0,1.0,21.0,1.0,1.0,30.0,1.0,160.0,8.0,764.0,15.0,75.0,0.0,0.0,0.0,0.0,0.0,0.0,0.0,0.0,0.0,0.0,0.0,91.0,61.0,1.0,2.0,528.0,59.0,38.0
10:30,624.0,378.0,430.0,268.0,645.0,293.0,72.0,122.0,859.0,4096.0,1.0,171.0,33.0,1785.0,6025.0,360.0,150.0,739.0,232.0,1.0,433.0,450.0,256.0,504.0,4328.0,153.0,544.0,5910.0,0.0,99.0,183.0,4448.0,1536.0,517.0,177.0,150.0,218.0,3310.0,4627.0,103.0,7669.0,3306.0,379.0,538.0,204.0,646.0,18.0,4437.0,916.0,129.0,64.0,848.0,389.0,40.0,621.0,1282.0,616.0,27.0,53.0,222.0,22.0,27.0,30.0,40.0,1.0,1.0,3.0,1.0,159.0,351.0,1.0,227.0,13.0,45.0,0.0,0.0,0.0,0.0,0.0,0.0,0.0,0.0,0.0,0.0,0.0,68.0,81.0,22.0,1.0,259.0,152.0,6.0
11:00,993.0,243.0,191.0,120.0,465.0,130.0,83.0,88.0,143.0,513.0,1.0,197.0,33.0,431.0,2603.0,450.0,152.0,1.0,74.0,22.0,143.0,5.0,117.0,247.0,2666.0,168.0,1898.0,3915.0,0.0,72.0,350.0,3536.0,3707.0,406.0,2464.0,1466.0,102.0,1039.0,4797.0,246.0,2925.0,1317.0,235.0,169.0,262.0,384.0,359.0,186.0,964.0,326.0,109.0,727.0,492.0,45.0,348.0,1231.0,359.0,1.0,21.0,22.0,70.0,34.0,32.0,1.0,40.0,1.0,30.0,3.0,109.0,35.0,1.0,344.0,9.0,1.0,0.0,0.0,0.0,0.0,0.0,0.0,0.0,0.0,0.0,0.0,0.0,1.0,69.0,73.0,29.0,419.0,154.0,65.0
11:30,347.0,3.0,19.0,1.0,91.0,1.0,1.0,75.0,8.0,4.0,1.0,23.0,1.0,1.0,1.0,13.0,1.0,1.0,74.0,1.0,1.0,26.0,14.0,70.0,1.0,1.0,54.0,21.0,0.0,1.0,1.0,3.0,11.0,27.0,1.0,1.0,1.0,68.0,242.0,1.0,1.0,60.0,379.0,10.0,28.0,2.0,31.0,28.0,91.0,37.0,232.0,2286.0,503.0,117.0,143.0,67.0,122.0,110.0,16.0,41.0,11.0,40.0,35.0,12.0,4.0,26.0,1.0,2.0,1.0,15.0,1.0,97.0,5.0,12.0,0.0,0.0,0.0,0.0,0.0,0.0,0.0,0.0,0.0,0.0,0.0,57.0,112.0,23.0,161.0,249.0,1.0,80.0
12:00,1.0,1.0,1.0,1.0,1.0,1.0,1.0,1.0,1.0,1.0,1.0,1.0,1.0,1.0,1.0,1.0,1.0,1.0,1.0,3.0,1.0,1.0,2.0,1.0,1.0,1.0,1.0,1.0,0.0,1.0,1.0,1.0,1.0,1.0,2.0,1.0,1.0,1.0,1.0,1.0,1.0,1.0,1.0,1.0,1.0,1.0,1.0,1.0,1.0,3.0,1.0,1.0,1.0,1.0,1.0,25.0,4.0,13.0,1.0,11.0,18.0,1.0,1.0,1.0,1.0,1.0,6.0,1.0,1.0,13.0,74.0,1.0,1.0,45.0,0.0,0.0,0.0,0.0,0.0,0.0,0.0,0.0,0.0,0.0,0.0,25.0,122.0,217.0,70.0,29.0,1.0,95.0
12:30,1.0,1.0,1.0,1.0,1.0,1.0,1.0,1.0,1.0,1.0,1.0,1.0,1.0,1.0,1.0,1.0,2.0,1.0,1.0,1.0,1.0,1.0,1.0,1.0,1.0,1.0,1.0,1.0,0.0,1.0,1.0,1.0,1.0,1.0,1.0,1.0,1.0,1.0,1.0,1.0,1.0,1.0,1.0,1.0,1.0,1.0,1.0,1.0,1.0,2.0,1.0,1.0,1.0,1.0,1.0,1.0,5.0,6.0,1.0,3.0,1.0,1.0,1.0,3.0,1.0,1.0,1.0,1.0,1.0,1.0,1.0,39.0,1.0,1.0,0.0,0.0,0.0,0.0,0.0,0.0,0.0,0.0,0.0,0.0,0.0,124.0,93.0,63.0,111.0,100.0,119.0,275.0
13:00,1.0,1.0,1.0,1.0,1.0,1.0,8.0,1.0,1.0,1.0,1.0,1.0,1.0,1.0,1.0,1.0,3.0,1.0,1.0,1.0,1.0,1.0,1.0,1.0,1.0,1.0,1.0,1.0,0.0,0.0,0.0,0.0,0.0,0.0,0.0,0.0,0.0,0.0,0.0,0.0,0.0,0.0,1.0,1.0,1.0,1.0,1.0,1.0,1.0,1.0,1.0,1.0,1.0,1.0,1.0,1.0,4.0,3.0,1.0,1.0,7.0,1.0,1.0,1.0,1.0,1.0,1.0,2.0,1.0,1.0,1.0,1.0,1.0,1.0,0.0,0.0,0.0,0.0,0.0,0.0,0.0,0.0,0.0,0.0,0.0,1.0,5.0,1.0,1.0,1.0,4.0,1.0
13:30,0.0,0.0,0.0,0.0,0.0,0.0,0.0,0.0,0.0,0.0,0.0,0.0,0.0,0.0,0.0,0.0,0.0,0.0,0.0,0.0,0.0,0.0,0.0,0.0,0.0,0.0,0.0,0.0,0.0,0.0,0.0,0.0,0.0,0.0,0.0,0.0,0.0,0.0,0.0,0.0,0.0,0.0,0.0,0.0,0.0,0.0,0.0,0.0,0.0,0.0,0.0,0.0,0.0,0.0,0.0,0.0,0.0,0.0,0.0,0.0,0.0,0.0,0.0,0.0,0.0,0.0,0.0,0.0,0.0,0.0,0.0,0.0,0.0,0.0,0.0,0.0,0.0,0.0,0.0,0.0,0.0,0.0,0.0,0.0,0.0,0.0,0.0,0.0,0.0,0.0,0.0,
14:00,0.0,0.0,0.0,0.0,0.0,0.0,0.0,0.0,0.0,0.0,0.0,0.0,0.0,0.0,0.0,0.0,0.0,0.0,0.0,0.0,0.0,0.0,0.0,0.0,0.0,0.0,0.0,0.0,0.0,0.0,0.0,0.0,0.0,0.0,0.0,0.0,0.0,0.0,0.0,0.0,0.0,0.0,0.0,0.0,0.0,0.0,0.0,0.0,0.0,0.0,0.0,0.0,0.0,0.0,0.0,0.0,0.0,0.0,0.0,0.0,0.0,0.0,0.0,0.0,0.0,0.0,0.0,0.0,0.0,0.0,0.0,0.0,0.0,0.0,0.0,0.0,0.0,0.0,0.0,0.0,0.0,0.0,0.0,0.0,0.0,0.0,0.0,0.0,0.0,0.0,0.0,
14:30,0.0,0.0,0.0,0.0,0.0,0.0,0.0,0.0,0.0,0.0,0.0,0.0,0.0,0.0,0.0,0.0,0.0,0.0,0.0,0.0,0.0,0.0,0.0,0.0,0.0,0.0,0.0,0.0,0.0,0.0,0.0,0.0,0.0,0.0,0.0,0.0,0.0,0.0,0.0,0.0,0.0,0.0,0.0,0.0,0.0,0.0,0.0,0.0,0.0,0.0,0.0,0.0,0.0,0.0,0.0,0.0,0.0,0.0,0.0,0.0,0.0,0.0,0.0,0.0,0.0,0.0,0.0,0.0,0.0,0.0,0.0,0.0,0.0,0.0,0.0,0.0,0.0,0.0,0.0,0.0,0.0,0.0,0.0,0.0,0.0,0.0,0.0,0.0,0.0,0.0,0.0,
15:00,0.0,0.0,0.0,0.0,0.0,0.0,0.0,0.0,0.0,0.0,0.0,0.0,0.0,0.0,0.0,0.0,0.0,0.0,0.0,0.0,0.0,0.0,0.0,0.0,0.0,0.0,0.0,0.0,0.0,0.0,0.0,0.0,0.0,0.0,0.0,0.0,0.0,0.0,0.0,0.0,0.0,0.0,0.0,0.0,0.0,0.0,0.0,0.0,0.0,0.0,0.0,0.0,0.0,0.0,0.0,0.0,0.0,0.0,0.0,0.0,0.0,0.0,0.0,0.0,0.0,0.0,0.0,0.0,0.0,0.0,0.0,0.0,0.0,0.0,0.0,0.0,0.0,0.0,0.0,0.0,0.0,0.0,0.0,0.0,0.0,0.0,0.0,0.0,0.0,0.0,0.0,
15:30,0.0,0.0,0.0,0.0,0.0,0.0,0.0,0.0,0.0,0.0,0.0,0.0,0.0,0.0,0.0,0.0,0.0,0.0,0.0,0.0,0.0,0.0,0.0,0.0,0.0,0.0,0.0,0.0,0.0,0.0,0.0,0.0,0.0,0.0,0.0,0.0,0.0,0.0,0.0,0.0,0.0,0.0,0.0,0.0,0.0,0.0,0.0,0.0,0.0,0.0,0.0,0.0,0.0,0.0,0.0,0.0,0.0,0.0,0.0,0.0,0.0,0.0,0.0,0.0,0.0,0.0,0.0,0.0,0.0,0.0,0.0,0.0,0.0,0.0,0.0,0.0,0.0,0.0,0.0,0.0,0.0,0.0,0.0,0.0,0.0,0.0,0.0,0.0,0.0,0.0,0.0,
16:00,0.0,0.0,0.0,0.0,0.0,0.0,0.0,0.0,0.0,0.0,0.0,0.0,0.0,0.0,0.0,0.0,0.0,0.0,0.0,0.0,0.0,0.0,0.0,0.0,0.0,0.0,0.0,0.0,0.0,0.0,0.0,0.0,0.0,0.0,0.0,0.0,0.0,0.0,0.0,0.0,0.0,0.0,0.0,0.0,0.0,0.0,0.0,0.0,0.0,0.0,0.0,0.0,0.0,0.0,0.0,0.0,0.0,0.0,0.0,0.0,0.0,0.0,0.0,0.0,0.0,0.0,0.0,0.0,0.0,0.0,0.0,0.0,0.0,0.0,0.0,0.0,0.0,0.0,0.0,0.0,0.0,0.0,0.0,0.0,0.0,0.0,0.0,0.0,0.0,0.0,0.0,
16:30,0.0,0.0,0.0,0.0,0.0,0.0,0.0,0.0,0.0,0.0,0.0,0.0,0.0,0.0,0.0,0.0,0.0,0.0,0.0,0.0,0.0,0.0,0.0,0.0,0.0,0.0,0.0,0.0,0.0,0.0,0.0,0.0,0.0,0.0,0.0,0.0,0.0,0.0,0.0,0.0,0.0,0.0,0.0,0.0,0.0,0.0,0.0,0.0,0.0,0.0,0.0,0.0,0.0,0.0,0.0,0.0,0.0,0.0,0.0,0.0,0.0,0.0,0.0,0.0,0.0,0.0,0.0,0.0,0.0,0.0,0.0,0.0,0.0,0.0,0.0,0.0,0.0,0.0,0.0,0.0,0.0,0.0,0.0,0.0,0.0,0.0,0.0,0.0,0.0,0.0,0.0,
17:00,0.0,0.0,0.0,0.0,0.0,0.0,0.0,0.0,0.0,0.0,0.0,0.0,0.0,0.0,0.0,0.0,0.0,0.0,0.0,0.0,0.0,0.0,0.0,0.0,0.0,0.0,0.0,0.0,0.0,0.0,0.0,0.0,0.0,0.0,0.0,0.0,0.0,0.0,0.0,0.0,0.0,0.0,0.0,0.0,0.0,0.0,0.0,0.0,0.0,0.0,0.0,0.0,0.0,0.0,0.0,0.0,0.0,0.0,0.0,0.0,0.0,0.0,0.0,0.0,0.0,0.0,0.0,0.0,0.0,0.0,0.0,0.0,0.0,0.0,0.0,0.0,0.0,0.0,0.0,0.0,0.0,0.0,0.0,0.0,0.0,0.0,0.0,0.0,0.0,0.0,0.0,
17:30,0.0,0.0,0.0,0.0,0.0,0.0,0.0,0.0,0.0,0.0,0.0,0.0,0.0,0.0,0.0,0.0,0.0,0.0,0.0,0.0,0.0,0.0,0.0,0.0,0.0,0.0,0.0,0.0,0.0,0.0,0.0,0.0,0.0,0.0,0.0,0.0,0.0,0.0,0.0,0.0,0.0,0.0,0.0,0.0,0.0,0.0,0.0,0.0,0.0,0.0,0.0,0.0,0.0,0.0,0.0,0.0,0.0,0.0,0.0,0.0,0.0,0.0,0.0,0.0,0.0,0.0,0.0,0.0,0.0,0.0,0.0,0.0,0.0,0.0,0.0,0.0,0.0,0.0,0.0,0.0,0.0,0.0,0.0,0.0,0.0,0.0,0.0,0.0,0.0,0.0,0.0,
18:00,0.0,0.0,0.0,0.0,0.0,0.0,0.0,0.0,0.0,0.0,0.0,0.0,0.0,0.0,0.0,0.0,0.0,0.0,0.0,0.0,0.0,0.0,0.0,0.0,0.0,0.0,0.0,0.0,0.0,0.0,0.0,0.0,0.0,0.0,0.0,0.0,0.0,0.0,0.0,0.0,0.0,0.0,0.0,0.0,0.0,0.0,0.0,0.0,0.0,0.0,0.0,0.0,0.0,0.0,0.0,0.0,0.0,0.0,0.0,0.0,0.0,0.0,0.0,0.0,0.0,0.0,0.0,0.0,0.0,0.0,0.0,0.0,0.0,0.0,0.0,0.0,0.0,0.0,0.0,0.0,0.0,0.0,0.0,0.0,0.0,0.0,0.0,0.0,0.0,0.0,0.0,
18:30,0.0,0.0,0.0,0.0,0.0,0.0,0.0,0.0,0.0,0.0,0.0,0.0,0.0,0.0,0.0,0.0,0.0,0.0,0.0,0.0,0.0,0.0,0.0,0.0,0.0,0.0,0.0,0.0,0.0,0.0,0.0,0.0,0.0,0.0,0.0,0.0,0.0,0.0,0.0,0.0,0.0,0.0,0.0,0.0,0.0,0.0,0.0,0.0,0.0,0.0,0.0,0.0,0.0,0.0,0.0,0.0,0.0,0.0,0.0,0.0,0.0,0.0,0.0,0.0,0.0,0.0,0.0,0.0,0.0,0.0,0.0,0.0,0.0,0.0,0.0,0.0,0.0,0.0,0.0,0.0,0.0,0.0,0.0,0.0,0.0,0.0,0.0,0.0,0.0,0.0,0.0,
19:00,0.0,0.0,0.0,0.0,0.0,0.0,0.0,0.0,0.0,0.0,0.0,0.0,0.0,0.0,0.0,0.0,0.0,0.0,0.0,0.0,0.0,0.0,0.0,0.0,0.0,0.0,0.0,0.0,0.0,0.0,0.0,0.0,0.0,0.0,0.0,0.0,0.0,0.0,0.0,0.0,0.0,0.0,0.0,0.0,0.0,0.0,0.0,0.0,0.0,0.0,0.0,0.0,0.0,0.0,0.0,0.0,0.0,0.0,0.0,0.0,0.0,0.0,0.0,0.0,0.0,0.0,0.0,0.0,0.0,0.0,0.0,0.0,0.0,0.0,0.0,0.0,0.0,0.0,0.0,0.0,0.0,0.0,0.0,0.0,0.0,0.0,0.0,0.0,0.0,0.0,0.0,
19:30,0.0,0.0,0.0,0.0,0.0,0.0,0.0,0.0,0.0,0.0,0.0,0.0,0.0,0.0,0.0,0.0,0.0,0.0,0.0,0.0,0.0,0.0,0.0,0.0,0.0,0.0,0.0,0.0,0.0,0.0,0.0,0.0,0.0,0.0,0.0,0.0,0.0,0.0,0.0,0.0,0.0,0.0,0.0,0.0,0.0,0.0,0.0,0.0,0.0,0.0,0.0,0.0,0.0,0.0,0.0,0.0,0.0,0.0,0.0,0.0,0.0,0.0,0.0,0.0,0.0,0.0,0.0,0.0,0.0,0.0,0.0,0.0,0.0,0.0,0.0,0.0,0.0,0.0,0.0,0.0,0.0,0.0,0.0,0.0,0.0,0.0,0.0,0.0,0.0,0.0,0.0,
20:00,0.0,0.0,0.0,0.0,0.0,0.0,0.0,0.0,0.0,0.0,0.0,0.0,0.0,0.0,0.0,0.0,0.0,0.0,0.0,0.0,0.0,0.0,0.0,0.0,0.0,0.0,0.0,0.0,0.0,0.0,0.0,0.0,0.0,0.0,0.0,0.0,0.0,0.0,0.0,0.0,0.0,0.0,0.0,0.0,0.0,0.0,0.0,0.0,0.0,0.0,0.0,0.0,0.0,0.0,0.0,0.0,0.0,0.0,0.0,0.0,0.0,0.0,0.0,0.0,0.0,0.0,0.0,0.0,0.0,0.0,0.0,0.0,0.0,0.0,0.0,0.0,0.0,0.0,0.0,0.0,0.0,0.0,0.0,0.0,0.0,0.0,0.0,0.0,0.0,0.0,0.0,
20:30,0.0,0.0,0.0,0.0,0.0,0.0,0.0,0.0,0.0,0.0,0.0,0.0,0.0,0.0,0.0,0.0,0.0,0.0,0.0,0.0,0.0,0.0,0.0,0.0,0.0,0.0,0.0,0.0,0.0,0.0,0.0,0.0,0.0,0.0,0.0,0.0,0.0,0.0,0.0,0.0,0.0,0.0,0.0,0.0,0.0,0.0,0.0,0.0,0.0,0.0,0.0,0.0,0.0,0.0,0.0,0.0,0.0,0.0,0.0,0.0,0.0,0.0,0.0,0.0,0.0,0.0,0.0,0.0,0.0,0.0,0.0,0.0,0.0,0.0,0.0,0.0,0.0,0.0,0.0,0.0,0.0,0.0,0.0,0.0,0.0,0.0,0.0,0.0,0.0,0.0,0.0,
21:00,0.0,0.0,0.0,0.0,0.0,0.0,0.0,0.0,0.0,0.0,0.0,0.0,0.0,0.0,0.0,0.0,0.0,0.0,0.0,0.0,0.0,0.0,0.0,0.0,0.0,0.0,0.0,0.0,0.0,0.0,0.0,0.0,0.0,0.0,0.0,0.0,0.0,0.0,0.0,0.0,0.0,0.0,0.0,0.0,0.0,0.0,0.0,0.0,0.0,0.0,0.0,0.0,0.0,0.0,0.0,0.0,0.0,0.0,0.0,0.0,0.0,0.0,0.0,0.0,0.0,0.0,0.0,0.0,0.0,0.0,0.0,0.0,0.0,0.0,0.0,0.0,0.0,0.0,0.0,0.0,0.0,0.0,0.0,0.0,0.0,0.0,0.0,0.0,0.0,0.0,0.0,
21:30,0.0,0.0,0.0,0.0,0.0,0.0,0.0,0.0,0.0,0.0,0.0,0.0,0.0,0.0,0.0,0.0,0.0,0.0,0.0,0.0,0.0,0.0,0.0,0.0,0.0,0.0,0.0,0.0,0.0,0.0,0.0,0.0,0.0,0.0,0.0,0.0,0.0,0.0,0.0,0.0,0.0,0.0,0.0,0.0,0.0,0.0,0.0,0.0,0.0,0.0,0.0,0.0,0.0,0.0,0.0,0.0,0.0,0.0,0.0,0.0,0.0,0.0,0.0,0.0,0.0,0.0,0.0,0.0,0.0,0.0,0.0,0.0,0.0,0.0,0.0,0.0,0.0,0.0,0.0,0.0,0.0,0.0,0.0,0.0,0.0,0.0,0.0,0.0,0.0,0.0,0.0,
22:00,0.0,0.0,0.0,0.0,0.0,0.0,0.0,0.0,0.0,0.0,0.0,0.0,0.0,0.0,0.0,0.0,0.0,0.0,0.0,0.0,0.0,0.0,0.0,0.0,0.0,0.0,0.0,0.0,0.0,0.0,0.0,0.0,0.0,0.0,0.0,0.0,0.0,0.0,0.0,0.0,0.0,0.0,0.0,0.0,0.0,0.0,0.0,0.0,0.0,0.0,0.0,0.0,0.0,0.0,0.0,0.0,0.0,0.0,0.0,0.0,0.0,0.0,0.0,0.0,0.0,0.0,0.0,0.0,0.0,0.0,0.0,0.0,0.0,0.0,0.0,0.0,0.0,0.0,0.0,0.0,0.0,0.0,0.0,0.0,0.0,0.0,0.0,0.0,0.0,0.0,0.0,
22:30,0.0,0.0,0.0,0.0,0.0,0.0,0.0,0.0,0.0,0.0,0.0,0.0,0.0,0.0,0.0,0.0,0.0,0.0,0.0,0.0,0.0,0.0,0.0,0.0,0.0,0.0,0.0,0.0,0.0,0.0,0.0,0.0,0.0,0.0,0.0,0.0,0.0,0.0,0.0,0.0,0.0,0.0,0.0,0.0,0.0,0.0,0.0,0.0,0.0,0.0,0.0,0.0,0.0,0.0,0.0,0.0,0.0,0.0,0.0,0.0,0.0,0.0,0.0,0.0,0.0,0.0,0.0,0.0,0.0,0.0,0.0,0.0,0.0,0.0,0.0,0.0,0.0,0.0,0.0,0.0,0.0,0.0,0.0,0.0,0.0,0.0,0.0,0.0,0.0,0.0,0.0,
23:00,0.0,0.0,0.0,0.0,0.0,0.0,0.0,0.0,0.0,0.0,0.0,0.0,0.0,0.0,0.0,0.0,0.0,0.0,0.0,0.0,0.0,0.0,0.0,0.0,0.0,0.0,0.0,0.0,0.0,0.0,0.0,0.0,0.0,0.0,0.0,0.0,0.0,0.0,0.0,0.0,0.0,0.0,0.0,0.0,0.0,0.0,0.0,0.0,0.0,0.0,0.0,0.0,0.0,0.0,0.0,0.0,0.0,0.0,0.0,0.0,0.0,0.0,0.0,0.0,0.0,0.0,0.0,0.0,0.0,0.0,0.0,0.0,0.0,0.0,0.0,0.0,0.0,0.0,0.0,0.0,0.0,0.0,0.0,0.0,0.0,0.0,0.0,0.0,0.0,0.0,0.0,
23:30,0.0,0.0,0.0,0.0,0.0,0.0,0.0,0.0,0.0,0.0,0.0,0.0,0.0,0.0,0.0,0.0,0.0,0.0,0.0,0.0,0.0,0.0,0.0,0.0,0.0,0.0,0.0,0.0,0.0,0.0,0.0,0.0,0.0,0.0,0.0,0.0,0.0,0.0,0.0,0.0,0.0,0.0,0.0,0.0,0.0,0.0,0.0,0.0,0.0,0.0,0.0,0.0,0.0,0.0,0.0,0.0,0.0,0.0,0.0,0.0,0.0,0.0,0.0,0.0,0.0,0.0,0.0,0.0,0.0,0.0,0.0,0.0,0.0,0.0,0.0,0.0,0.0,0.0,0.0,0.0,0.0,0.0,0.0,0.0,0.0,0.0,0.0,0.0,0.0,0.0,0.0,
